[{"model": "chat.message", "pk": 89, "fields": {"message": "ciaooo", "user": 1, "time": "2023-08-28T00:38:06.916Z", "struttura": null}}, {"model": "chat.message", "pk": 90, "fields": {"message": "ciaooooooooooo", "user": 1, "time": "2023-08-28T00:42:11.291Z", "struttura": null}}, {"model": "chat.message", "pk": 91, "fields": {"message": "Test della chat", "user": 1, "time": "2023-08-28T00:42:28.673Z", "struttura": null}}, {"model": "chat.message", "pk": 92, "fields": {"message": "Eccomi qua", "user": 1, "time": "2023-08-28T00:46:19.596Z", "struttura": null}}, {"model": "chat.message", "pk": 93, "fields": {"message": "Bla bla bla", "user": 1, "time": "2023-08-28T00:46:39.212Z", "struttura": null}}, {"model": "chat.message", "pk": 94, "fields": {"message": "Non ci sono molti messaggi", "user": 1, "time": "2023-08-28T00:46:50.797Z", "struttura": null}}, {"model": "chat.message", "pk": 95, "fields": {"message": "Test di un messaggio lungo lungo", "user": 1, "time": "2023-08-28T00:46:58.687Z", "struttura": null}}, {"model": "chat.message", "pk": 96, "fields": {"message": "fringilla ut morbi tincidunt augue interdum velit euismod in pellentesque", "user": 1, "time": "2023-08-28T00:47:46.235Z", "struttura": null}}, {"model": "chat.message", "pk": 97, "fields": {"message": "fringilla ut morbi tincidunt augue interdum velit euismod in pellentesque", "user": 1, "time": "2023-08-28T00:47:48.585Z", "struttura": null}}, {"model": "chat.message", "pk": 98, "fields": {"message": "Ecco un nuovo messaggio", "user": 1, "time": "2023-08-28T00:51:26.298Z", "struttura": null}}, {"model": "chat.message", "pk": 99, "fields": {"message": "Ecco un altro messaggio", "user": 1, "time": "2023-08-28T00:51:59.588Z", "struttura": null}}, {"model": "chat.message", "pk": 100, "fields": {"message": "Un altro messaggio di prova", "user": 1, "time": "2023-08-28T00:53:10.793Z", "struttura": null}}, {"model": "chat.message", "pk": 101, "fields": {"message": "Un altro messaggio in arrivo", "user": 1, "time": "2023-08-28T00:54:06.211Z", "struttura": null}}, {"model": "chat.message", "pk": 102, "fields": {"message": "eccomi qua", "user": 1, "time": "2023-08-28T00:54:55.789Z", "struttura": null}}, {"model": "chat.message", "pk": 103, "fields": {"message": "Altro messaggio :)", "user": 1, "time": "2023-08-28T00:57:08.772Z", "struttura": null}}, {"model": "chat.message", "pk": 104, "fields": {"message": "eccone un altro", "user": 1, "time": "2023-08-28T00:58:22.764Z", "struttura": null}}, {"model": "chat.message", "pk": 105, "fields": {"message": "eccone un altro", "user": 1, "time": "2023-08-28T00:59:39.135Z", "struttura": null}}, {"model": "chat.message", "pk": 106, "fields": {"message": "boh", "user": 1, "time": "2023-08-28T01:01:25.997Z", "struttura": null}}, {"model": "chat.message", "pk": 107, "fields": {"message": "ciaoo", "user": 1, "time": "2023-08-28T01:04:40.873Z", "struttura": null}}, {"model": "chat.message", "pk": 108, "fields": {"message": "eccone un altro", "user": 1, "time": "2023-08-28T01:07:55.442Z", "struttura": null}}, {"model": "chat.message", "pk": 109, "fields": {"message": "eccone un altro", "user": 1, "time": "2023-08-28T01:10:07.728Z", "struttura": null}}, {"model": "chat.message", "pk": 110, "fields": {"message": "Eccomi qua", "user": 1, "time": "2023-08-28T01:54:30.282Z", "struttura": null}}, {"model": "chat.message", "pk": 111, "fields": {"message": "Test dello scrolling", "user": 1, "time": "2023-08-28T01:55:07.675Z", "struttura": null}}, {"model": "chat.message", "pk": 112, "fields": {"message": "Non so come funziona", "user": 1, "time": "2023-08-28T01:56:35.901Z", "struttura": null}}, {"model": "chat.message", "pk": 113, "fields": {"message": "Boh", "user": 1, "time": "2023-08-28T01:58:46.119Z", "struttura": null}}, {"model": "chat.message", "pk": 114, "fields": {"message": "Un altro messaggio", "user": 1, "time": "2023-08-28T02:00:52.110Z", "struttura": null}}, {"model": "chat.message", "pk": 115, "fields": {"message": "...", "user": 1, "time": "2023-08-28T02:01:36.214Z", "struttura": null}}, {"model": "chat.message", "pk": 116, "fields": {"message": "Forse va", "user": 1, "time": "2023-08-28T02:07:46.073Z", "struttura": null}}, {"model": "chat.message", "pk": 117, "fields": {"message": "scroll", "user": 1, "time": "2023-08-28T02:08:14.238Z", "struttura": null}}, {"model": "chat.message", "pk": 118, "fields": {"message": "boh", "user": 1, "time": "2023-08-28T02:09:05.679Z", "struttura": null}}, {"model": "chat.message", "pk": 119, "fields": {"message": "ciao", "user": 1, "time": "2023-08-28T02:11:53.584Z", "struttura": null}}, {"model": "chat.message", "pk": 120, "fields": {"message": "Non so scrollare", "user": 1, "time": "2023-08-28T02:12:03.122Z", "struttura": null}}, {"model": "chat.message", "pk": 121, "fields": {"message": "Altra prova", "user": 1, "time": "2023-08-28T10:15:03.978Z", "struttura": null}}, {"model": "chat.message", "pk": 122, "fields": {"message": "Eccone un altro", "user": 1, "time": "2023-08-28T10:19:18.329Z", "struttura": null}}, {"model": "chat.message", "pk": 123, "fields": {"message": "chissà", "user": 1, "time": "2023-08-28T10:23:31.287Z", "struttura": null}}, {"model": "chat.message", "pk": 124, "fields": {"message": "ciao", "user": 1, "time": "2023-08-28T10:37:59.251Z", "struttura": null}}, {"model": "chat.message", "pk": 125, "fields": {"message": "Eccomi qua", "user": 1, "time": "2023-08-28T10:41:51.714Z", "struttura": null}}, {"model": "chat.message", "pk": 126, "fields": {"message": "Ciao, sono un nuovo messaggio.", "user": 1, "time": "2023-08-28T10:45:15.173Z", "struttura": null}}, {"model": "chat.message", "pk": 127, "fields": {"message": "Ecco la chat generale", "user": 1, "time": "2023-08-28T13:02:37.512Z", "struttura": null}}, {"model": "chat.message", "pk": 128, "fields": {"message": "Sono un messaggio di prova", "user": 2, "time": "2023-08-28T13:03:57.583Z", "struttura": null}}, {"model": "chat.message", "pk": 129, "fields": {"message": "Ecco un altro messaggio", "user": 1, "time": "2023-08-28T13:08:16.731Z", "struttura": null}}, {"model": "chat.message", "pk": 130, "fields": {"message": "Ora siamo connessi", "user": 2, "time": "2023-08-28T13:08:48.036Z", "struttura": null}}, {"model": "chat.message", "pk": 131, "fields": {"message": "Verifichiamo i messaggi", "user": 1, "time": "2023-08-28T13:08:58.529Z", "struttura": null}}, {"model": "chat.message", "pk": 132, "fields": {"message": "Test dei messaggi", "user": 1, "time": "2023-08-28T13:10:07.924Z", "struttura": 4}}, {"model": "chat.message", "pk": 133, "fields": {"message": "Altro mex", "user": 1, "time": "2023-08-28T13:10:52.926Z", "struttura": 4}}, {"model": "chat.message", "pk": 134, "fields": {"message": "Un altro tentativo", "user": 1, "time": "2023-08-28T13:11:58.375Z", "struttura": 4}}, {"model": "chat.message", "pk": 135, "fields": {"message": "Che bella la chat", "user": 2, "time": "2023-08-28T13:12:04.999Z", "struttura": 4}}, {"model": "chat.message", "pk": 136, "fields": {"message": "Altro mex", "user": 1, "time": "2023-08-28T13:15:13.927Z", "struttura": null}}, {"model": "userInfo.infoavanzate", "pk": 1, "fields": {"peso": "65.8", "altezza": 184, "data_nascita": "2001-09-01", "nazionalità": "IT", "numero_telefono": "+39 345 762 4447", "bio": "Sono un calciatore fortissimo, tu no."}}, {"model": "userInfo.avatarutente", "pk": 1, "fields": {"image": "nicolo/bottone_lg4m15J.png"}}, {"model": "userInfo.posizionigioco", "pk": 1, "fields": {"preferita": "DIF", "alternativa": "CEN", "alternativa2": "CEN_TRQ"}}, {"model": "userInfo.caratteristichegioco", "pk": 1, "fields": {"principale": "tecnico", "secondaria": "tattico", "terziaria": "veloce"}}, {"model": "struttura.struttura", "pk": 4, "fields": {"nome": "Polisportiva Baggiovara", "fondazione": null, "lat": 44.6033508, "long": 10.8618434, "dimensione": "200.00", "spogliatoi": true}}, {"model": "struttura.struttura", "pk": 5, "fields": {"nome": "Polisportiva Saliceta San Giuliano", "fondazione": null, "lat": 44.6264836, "long": 10.89629, "dimensione": "500.00", "spogliatoi": true}}, {"model": "struttura.struttura", "pk": 6, "fields": {"nome": "Polisportiva Union 81", "fondazione": null, "lat": 44.5816388, "long": 10.9319598, "dimensione": "100.00", "spogliatoi": true}}, {"model": "struttura.struttura", "pk": 7, "fields": {"nome": "Polisportiva Gino Nasi", "fondazione": null, "lat": 44.6222016, "long": 10.9351178, "dimensione": "300.00", "spogliatoi": true}}, {"model": "struttura.campo", "pk": 2, "fields": {"struttura": 6, "num_campo": 1, "costo_orario": "4.0", "coperto": true, "illuminato": true, "tipo_superficie": "palestra"}}, {"model": "struttura.campo", "pk": 3, "fields": {"struttura": 5, "num_campo": 1, "costo_orario": "6.0", "coperto": true, "illuminato": true, "tipo_superficie": "palestra"}}, {"model": "struttura.campo", "pk": 4, "fields": {"struttura": 5, "num_campo": 2, "costo_orario": "5.0", "coperto": false, "illuminato": true, "tipo_superficie": "sintetico"}}, {"model": "struttura.campo", "pk": 5, "fields": {"struttura": 5, "num_campo": 3, "costo_orario": "7.0", "coperto": false, "illuminato": true, "tipo_superficie": "naturale"}}, {"model": "struttura.campo", "pk": 6, "fields": {"struttura": 5, "num_campo": 4, "costo_orario": "4.0", "coperto": true, "illuminato": true, "tipo_superficie": "cemento"}}, {"model": "struttura.campo", "pk": 7, "fields": {"struttura": 5, "num_campo": 5, "costo_orario": "5.0", "coperto": false, "illuminato": false, "tipo_superficie": "sintetico"}}, {"model": "struttura.campo", "pk": 8, "fields": {"struttura": 4, "num_campo": 1, "costo_orario": "3.0", "coperto": false, "illuminato": true, "tipo_superficie": "sintetico"}}, {"model": "struttura.campo", "pk": 9, "fields": {"struttura": 4, "num_campo": 2, "costo_orario": "3.0", "coperto": false, "illuminato": true, "tipo_superficie": "sintetico"}}, {"model": "struttura.campo", "pk": 10, "fields": {"struttura": 7, "num_campo": 1, "costo_orario": "4.5", "coperto": true, "illuminato": true, "tipo_superficie": "palestra"}}, {"model": "struttura.campo", "pk": 11, "fields": {"struttura": 7, "num_campo": 2, "costo_orario": "5.5", "coperto": false, "illuminato": true, "tipo_superficie": "sintetico"}}, {"model": "struttura.campo", "pk": 12, "fields": {"struttura": 7, "num_campo": 3, "costo_orario": "5.5", "coperto": true, "illuminato": true, "tipo_superficie": "sintetico"}}, {"model": "struttura.adminstruttura", "pk": 1, "fields": {"struttura": 4, "admin": 4}}, {"model": "struttura.adminstruttura", "pk": 2, "fields": {"struttura": 6, "admin": 4}}, {"model": "struttura.adminstruttura", "pk": 18, "fields": {"struttura": 7, "admin": 4}}, {"model": "struttura.adminstruttura", "pk": 19, "fields": {"struttura": 6, "admin": 4}}, {"model": "struttura.recensione", "pk": 9, "fields": {"votante": 2, "struttura": 4, "voto": 5, "descrizione": null}}, {"model": "struttura.recensione", "pk": 10, "fields": {"votante": 2, "struttura": 5, "voto": 4, "descrizione": null}}, {"model": "struttura.recensione", "pk": 11, "fields": {"votante": 2, "struttura": 6, "voto": 3, "descrizione": null}}, {"model": "struttura.recensione", "pk": 12, "fields": {"votante": 2, "struttura": 7, "voto": 2, "descrizione": null}}, {"model": "prenotazione.prenotazione", "pk": 18, "fields": {"prenotante": 1, "campo": 8, "inizio": "2023-08-26T02:15:00Z", "fine": "2023-08-26T04:00:00Z"}}, {"model": "prenotazione.prenotazione", "pk": 19, "fields": {"prenotante": 1, "campo": 8, "inizio": "2023-08-25T18:45:00Z", "fine": "2023-08-25T20:30:00Z"}}, {"model": "prenotazione.prenotazione", "pk": 20, "fields": {"prenotante": 1, "campo": 8, "inizio": "2023-08-28T22:15:00Z", "fine": "2023-08-29T00:00:00Z"}}, {"model": "prenotazione.prenotazione", "pk": 21, "fields": {"prenotante": 1, "campo": 9, "inizio": "2023-08-28T23:30:00Z", "fine": "2023-08-29T02:00:00Z"}}, {"model": "prenotazione.prenotazione", "pk": 22, "fields": {"prenotante": 1, "campo": 9, "inizio": "2023-08-30T00:45:00Z", "fine": "2023-08-30T03:45:00Z"}}, {"model": "prenotazione.prenotazione", "pk": 23, "fields": {"prenotante": 1, "campo": 8, "inizio": "2023-09-01T00:00:00Z", "fine": "2023-09-01T01:30:00Z"}}, {"model": "prenotazione.prenotazione", "pk": 24, "fields": {"prenotante": 1, "campo": 8, "inizio": "2023-08-30T23:00:00Z", "fine": "2023-08-31T00:15:00Z"}}, {"model": "auth.permission", "pk": 1, "fields": {"name": "Can add message", "content_type": 1, "codename": "add_message"}}, {"model": "auth.permission", "pk": 2, "fields": {"name": "Can change message", "content_type": 1, "codename": "change_message"}}, {"model": "auth.permission", "pk": 3, "fields": {"name": "Can delete message", "content_type": 1, "codename": "delete_message"}}, {"model": "auth.permission", "pk": 4, "fields": {"name": "Can view message", "content_type": 1, "codename": "view_message"}}, {"model": "auth.permission", "pk": 5, "fields": {"name": "Can add info avanzate", "content_type": 2, "codename": "add_infoavanzate"}}, {"model": "auth.permission", "pk": 6, "fields": {"name": "Can change info avanzate", "content_type": 2, "codename": "change_infoavanzate"}}, {"model": "auth.permission", "pk": 7, "fields": {"name": "Can delete info avanzate", "content_type": 2, "codename": "delete_infoavanzate"}}, {"model": "auth.permission", "pk": 8, "fields": {"name": "Can view info avanzate", "content_type": 2, "codename": "view_infoavanzate"}}, {"model": "auth.permission", "pk": 9, "fields": {"name": "Can add avatar utente", "content_type": 3, "codename": "add_avatarutente"}}, {"model": "auth.permission", "pk": 10, "fields": {"name": "Can change avatar utente", "content_type": 3, "codename": "change_avatarutente"}}, {"model": "auth.permission", "pk": 11, "fields": {"name": "Can delete avatar utente", "content_type": 3, "codename": "delete_avatarutente"}}, {"model": "auth.permission", "pk": 12, "fields": {"name": "Can view avatar utente", "content_type": 3, "codename": "view_avatarutente"}}, {"model": "auth.permission", "pk": 13, "fields": {"name": "Can add posizioni gioco", "content_type": 4, "codename": "add_posizionigioco"}}, {"model": "auth.permission", "pk": 14, "fields": {"name": "Can change posizioni gioco", "content_type": 4, "codename": "change_posizionigioco"}}, {"model": "auth.permission", "pk": 15, "fields": {"name": "Can delete posizioni gioco", "content_type": 4, "codename": "delete_posizionigioco"}}, {"model": "auth.permission", "pk": 16, "fields": {"name": "Can view posizioni gioco", "content_type": 4, "codename": "view_posizionigioco"}}, {"model": "auth.permission", "pk": 17, "fields": {"name": "Can add caratteristiche gioco", "content_type": 5, "codename": "add_caratteristichegioco"}}, {"model": "auth.permission", "pk": 18, "fields": {"name": "Can change caratteristiche gioco", "content_type": 5, "codename": "change_caratteristichegioco"}}, {"model": "auth.permission", "pk": 19, "fields": {"name": "Can delete caratteristiche gioco", "content_type": 5, "codename": "delete_caratteristichegioco"}}, {"model": "auth.permission", "pk": 20, "fields": {"name": "Can view caratteristiche gioco", "content_type": 5, "codename": "view_caratteristichegioco"}}, {"model": "auth.permission", "pk": 21, "fields": {"name": "Can add log entry", "content_type": 6, "codename": "add_logentry"}}, {"model": "auth.permission", "pk": 22, "fields": {"name": "Can change log entry", "content_type": 6, "codename": "change_logentry"}}, {"model": "auth.permission", "pk": 23, "fields": {"name": "Can delete log entry", "content_type": 6, "codename": "delete_logentry"}}, {"model": "auth.permission", "pk": 24, "fields": {"name": "Can view log entry", "content_type": 6, "codename": "view_logentry"}}, {"model": "auth.permission", "pk": 25, "fields": {"name": "Can add permission", "content_type": 7, "codename": "add_permission"}}, {"model": "auth.permission", "pk": 26, "fields": {"name": "Can change permission", "content_type": 7, "codename": "change_permission"}}, {"model": "auth.permission", "pk": 27, "fields": {"name": "Can delete permission", "content_type": 7, "codename": "delete_permission"}}, {"model": "auth.permission", "pk": 28, "fields": {"name": "Can view permission", "content_type": 7, "codename": "view_permission"}}, {"model": "auth.permission", "pk": 29, "fields": {"name": "Can add group", "content_type": 8, "codename": "add_group"}}, {"model": "auth.permission", "pk": 30, "fields": {"name": "Can change group", "content_type": 8, "codename": "change_group"}}, {"model": "auth.permission", "pk": 31, "fields": {"name": "Can delete group", "content_type": 8, "codename": "delete_group"}}, {"model": "auth.permission", "pk": 32, "fields": {"name": "Can view group", "content_type": 8, "codename": "view_group"}}, {"model": "auth.permission", "pk": 33, "fields": {"name": "Can add user", "content_type": 9, "codename": "add_user"}}, {"model": "auth.permission", "pk": 34, "fields": {"name": "Can change user", "content_type": 9, "codename": "change_user"}}, {"model": "auth.permission", "pk": 35, "fields": {"name": "Can delete user", "content_type": 9, "codename": "delete_user"}}, {"model": "auth.permission", "pk": 36, "fields": {"name": "Can view user", "content_type": 9, "codename": "view_user"}}, {"model": "auth.permission", "pk": 37, "fields": {"name": "Can add content type", "content_type": 10, "codename": "add_contenttype"}}, {"model": "auth.permission", "pk": 38, "fields": {"name": "Can change content type", "content_type": 10, "codename": "change_contenttype"}}, {"model": "auth.permission", "pk": 39, "fields": {"name": "Can delete content type", "content_type": 10, "codename": "delete_contenttype"}}, {"model": "auth.permission", "pk": 40, "fields": {"name": "Can view content type", "content_type": 10, "codename": "view_contenttype"}}, {"model": "auth.permission", "pk": 41, "fields": {"name": "Can add session", "content_type": 11, "codename": "add_session"}}, {"model": "auth.permission", "pk": 42, "fields": {"name": "Can change session", "content_type": 11, "codename": "change_session"}}, {"model": "auth.permission", "pk": 43, "fields": {"name": "Can delete session", "content_type": 11, "codename": "delete_session"}}, {"model": "auth.permission", "pk": 44, "fields": {"name": "Can view session", "content_type": 11, "codename": "view_session"}}, {"model": "auth.permission", "pk": 45, "fields": {"name": "Can add struttura", "content_type": 12, "codename": "add_struttura"}}, {"model": "auth.permission", "pk": 46, "fields": {"name": "Can change struttura", "content_type": 12, "codename": "change_struttura"}}, {"model": "auth.permission", "pk": 47, "fields": {"name": "Can delete struttura", "content_type": 12, "codename": "delete_struttura"}}, {"model": "auth.permission", "pk": 48, "fields": {"name": "Can view struttura", "content_type": 12, "codename": "view_struttura"}}, {"model": "auth.permission", "pk": 49, "fields": {"name": "Can add campo", "content_type": 13, "codename": "add_campo"}}, {"model": "auth.permission", "pk": 50, "fields": {"name": "Can change campo", "content_type": 13, "codename": "change_campo"}}, {"model": "auth.permission", "pk": 51, "fields": {"name": "Can delete campo", "content_type": 13, "codename": "delete_campo"}}, {"model": "auth.permission", "pk": 52, "fields": {"name": "Can view campo", "content_type": 13, "codename": "view_campo"}}, {"model": "auth.permission", "pk": 53, "fields": {"name": "Can add admin struttura", "content_type": 14, "codename": "add_adminstruttura"}}, {"model": "auth.permission", "pk": 54, "fields": {"name": "Can change admin struttura", "content_type": 14, "codename": "change_adminstruttura"}}, {"model": "auth.permission", "pk": 55, "fields": {"name": "Can delete admin struttura", "content_type": 14, "codename": "delete_adminstruttura"}}, {"model": "auth.permission", "pk": 56, "fields": {"name": "Can view admin struttura", "content_type": 14, "codename": "view_adminstruttura"}}, {"model": "auth.permission", "pk": 57, "fields": {"name": "Can add prenotazione", "content_type": 14, "codename": "add_prenotazione"}}, {"model": "auth.permission", "pk": 58, "fields": {"name": "Can change prenotazione", "content_type": 14, "codename": "change_prenotazione"}}, {"model": "auth.permission", "pk": 59, "fields": {"name": "Can delete prenotazione", "content_type": 14, "codename": "delete_prenotazione"}}, {"model": "auth.permission", "pk": 60, "fields": {"name": "Can view prenotazione", "content_type": 14, "codename": "view_prenotazione"}}, {"model": "auth.permission", "pk": 61, "fields": {"name": "Can add admin struttura", "content_type": 15, "codename": "add_adminstruttura"}}, {"model": "auth.permission", "pk": 62, "fields": {"name": "Can change admin struttura", "content_type": 15, "codename": "change_adminstruttura"}}, {"model": "auth.permission", "pk": 63, "fields": {"name": "Can delete admin struttura", "content_type": 15, "codename": "delete_adminstruttura"}}, {"model": "auth.permission", "pk": 64, "fields": {"name": "Can view admin struttura", "content_type": 15, "codename": "view_adminstruttura"}}, {"model": "auth.permission", "pk": 65, "fields": {"name": "Can add prenotazione", "content_type": 16, "codename": "add_prenotazione"}}, {"model": "auth.permission", "pk": 66, "fields": {"name": "Can change prenotazione", "content_type": 16, "codename": "change_prenotazione"}}, {"model": "auth.permission", "pk": 67, "fields": {"name": "Can delete prenotazione", "content_type": 16, "codename": "delete_prenotazione"}}, {"model": "auth.permission", "pk": 68, "fields": {"name": "Can view prenotazione", "content_type": 16, "codename": "view_prenotazione"}}, {"model": "auth.permission", "pk": 69, "fields": {"name": "Can add field", "content_type": 17, "codename": "add_field"}}, {"model": "auth.permission", "pk": 70, "fields": {"name": "Can change field", "content_type": 17, "codename": "change_field"}}, {"model": "auth.permission", "pk": 71, "fields": {"name": "Can delete field", "content_type": 17, "codename": "delete_field"}}, {"model": "auth.permission", "pk": 72, "fields": {"name": "Can view field", "content_type": 17, "codename": "view_field"}}, {"model": "auth.permission", "pk": 73, "fields": {"name": "Can add recensione", "content_type": 18, "codename": "add_recensione"}}, {"model": "auth.permission", "pk": 74, "fields": {"name": "Can change recensione", "content_type": 18, "codename": "change_recensione"}}, {"model": "auth.permission", "pk": 75, "fields": {"name": "Can delete recensione", "content_type": 18, "codename": "delete_recensione"}}, {"model": "auth.permission", "pk": 76, "fields": {"name": "Can view recensione", "content_type": 18, "codename": "view_recensione"}}, {"model": "auth.user", "pk": 1, "fields": {"password": "pbkdf2_sha256$600000$J5jPzvwXZMaXJVIOVsP2qH$PWOAoMzpELlebUnY5nmOYdf1mEXGA2CBAEd/Ws/IBYU=", "last_login": null, "is_superuser": false, "username": "nicolo", "first_name": "Francesco", "last_name": "Bergonzini", "email": "nicobergonzini03@gmail.com", "is_staff": false, "is_active": true, "date_joined": "2023-07-26T15:13:30.443Z", "groups": [], "user_permissions": []}}, {"model": "auth.user", "pk": 2, "fields": {"password": "pbkdf2_sha256$600000$47bZga8rfKlCCno0MYuFiL$Sf7+BRFBnkAyo8U8gnAHzBBkokPFOCeDwFw38qB9SJg=", "last_login": null, "is_superuser": true, "username": "django", "first_name": "", "last_name": "", "email": "francescobergonzini01@gmail.com", "is_staff": true, "is_active": true, "date_joined": "2023-07-31T15:45:03.502Z", "groups": [], "user_permissions": []}}, {"model": "auth.user", "pk": 4, "fields": {"password": "ciaomichiamopaperone", "last_login": null, "is_superuser": false, "username": "francesco", "first_name": "Francesco", "last_name": "Bergonzini", "email": "example@example.com", "is_staff": false, "is_active": true, "date_joined": "2023-08-21T14:56:39.527Z", "groups": [], "user_permissions": []}}, {"model": "contenttypes.contenttype", "pk": 1, "fields": {"app_label": "chat", "model": "message"}}, {"model": "contenttypes.contenttype", "pk": 2, "fields": {"app_label": "userInfo", "model": "infoavanzate"}}, {"model": "contenttypes.contenttype", "pk": 3, "fields": {"app_label": "userInfo", "model": "avatarutente"}}, {"model": "contenttypes.contenttype", "pk": 4, "fields": {"app_label": "userInfo", "model": "posizionigioco"}}, {"model": "contenttypes.contenttype", "pk": 5, "fields": {"app_label": "userInfo", "model": "caratteristichegioco"}}, {"model": "contenttypes.contenttype", "pk": 6, "fields": {"app_label": "admin", "model": "logentry"}}, {"model": "contenttypes.contenttype", "pk": 7, "fields": {"app_label": "auth", "model": "permission"}}, {"model": "contenttypes.contenttype", "pk": 8, "fields": {"app_label": "auth", "model": "group"}}, {"model": "contenttypes.contenttype", "pk": 9, "fields": {"app_label": "auth", "model": "user"}}, {"model": "contenttypes.contenttype", "pk": 10, "fields": {"app_label": "contenttypes", "model": "contenttype"}}, {"model": "contenttypes.contenttype", "pk": 11, "fields": {"app_label": "sessions", "model": "session"}}, {"model": "contenttypes.contenttype", "pk": 12, "fields": {"app_label": "struttura", "model": "struttura"}}, {"model": "contenttypes.contenttype", "pk": 13, "fields": {"app_label": "struttura", "model": "campo"}}, {"model": "contenttypes.contenttype", "pk": 14, "fields": {"app_label": "struttura", "model": "prenotazione"}}, {"model": "contenttypes.contenttype", "pk": 15, "fields": {"app_label": "struttura", "model": "adminstruttura"}}, {"model": "contenttypes.contenttype", "pk": 16, "fields": {"app_label": "prenotazione", "model": "prenotazione"}}, {"model": "contenttypes.contenttype", "pk": 17, "fields": {"app_label": "struttura", "model": "field"}}, {"model": "contenttypes.contenttype", "pk": 18, "fields": {"app_label": "struttura", "model": "recensione"}}]